,negative_score,neutral_score,positive_score,Close
2020-01-02,0.9975983500480652,0.001033623586408794,0.001368004479445517,3257.85009765625
2020-01-03,0.0002229320234619081,0.00010311805817764252,0.9996739625930786,3234.85009765625
2020-01-06,0.000436142465332523,0.00017394530004821718,0.9993898868560791,3246.280029296875
2020-01-08,0.000252044468652457,7.144379196688533e-05,0.9996765851974487,3253.050048828125
2020-01-09,9.95826194412075e-05,0.9997753500938416,0.00012497202260419726,3274.699951171875
2020-01-10,0.0008566778851673007,0.5021462440490723,0.49699705839157104,3265.35009765625
2020-01-13,0.0005318331532180309,8.491909102303907e-05,0.9993832111358643,3288.1298828125
2020-01-17,0.9984651803970337,0.0002974079689010978,0.001237434335052967,3329.6201171875
2020-01-21,0.00024125701747834682,0.00012809191684937105,0.9996306598186493,3320.7900390625
2020-01-22,0.99676114320755,0.00025257273227907717,0.002986256266012788,3321.75
2020-01-27,0.9985069632530212,0.0004314641992095858,0.0010615395149216056,3243.6298828125
2020-01-29,0.17782211537511708,0.46449537350660347,0.3576825008106728,3273.39990234375
2020-01-30,0.0012175305746495724,8.414687908953056e-05,0.998698353767395,3283.659912109375
2020-02-03,0.0002915105942520313,0.0003597729737521149,0.9993487298488617,3248.919921875
2020-02-05,0.0056236214004457,0.3181859850883484,0.6761903762817383,3334.68994140625
2020-02-06,0.3991221393836895,0.00035082994581898675,0.6005270438734442,3345.780029296875
2020-02-07,0.9543387293815613,0.00347293633967638,0.0421883687376976,3327.7099609375
2020-02-12,0.4995268523780396,0.4999179532605922,0.0005552468937821686,3379.449951171875
2020-02-14,0.9971936941146851,0.0018323705298826098,0.0009738925728015602,3380.159912109375
2020-02-20,0.01770683502157529,0.33126863212964963,0.6510245573008433,3373.22998046875
2020-02-21,0.018948664888739586,0.9755109548568726,0.005540379323065281,3337.75
2020-02-24,7.301387086044997e-05,0.9996589422225952,0.00026801644708029926,3225.889892578125
2020-02-25,0.9961864352226257,0.00296095572412014,0.0008526677847839892,3128.2099609375
2020-02-27,0.9980916380882263,0.0004838356690015644,0.0014246240025386214,2978.760009765625
2020-02-28,0.6583610112623622,0.2941228656563908,0.04751616373929816,2954.219970703125
2020-03-02,0.00016385194612666965,0.0001730678923195228,0.9996631145477295,3090.22998046875
2020-03-03,0.0001963577524293214,0.9898048639297485,0.009998795576393604,3003.3701171875
2020-03-06,0.13610345382767264,0.3630962078459561,0.5008002850227058,2972.3701171875
2020-03-09,0.5043888692744076,0.001903342956211418,0.4937077582580969,2746.56005859375
2020-03-10,0.976398766040802,0.021400081925094128,0.002201237832196057,2882.22998046875
2020-03-11,0.00031202330137602985,0.0014365806709975004,0.9982513785362244,2741.3798828125
2020-03-12,0.9982558190822601,0.0006247894198168069,0.001119416963774711,2480.639892578125
2020-03-13,0.0012444264830264729,0.8559586703777313,0.14279684037319385,2711.02001953125
2020-03-16,0.00018053244275506586,0.0003255378396715969,0.9994939565658569,2386.1298828125
2020-03-17,0.0015161323026404716,0.43108861707150936,0.5673952624201775,2529.18994140625
2020-03-18,0.0013300409482326359,0.06928082450758666,0.9293891489505768,2398.10009765625
2020-03-19,0.0009600570192560554,5.659989983541891e-05,0.9989833235740662,2409.389892578125
2020-03-20,0.0031015645266355327,0.40814621491881553,0.588752219065403,2304.919921875
2020-03-24,0.9983172416687012,0.00046767538879066706,0.0012151326518505812,2447.330078125
2020-03-27,0.0006495635607279837,9.33439951040782e-05,0.9992570281028748,2541.469970703125
2020-03-30,0.4910583718738053,0.009305115643655881,0.4996364982216619,2626.64990234375
2020-03-31,0.0004919706771033816,0.000153911707457155,0.9993541240692139,2584.590087890625
2020-04-01,0.25173930467281025,0.005745258116803598,0.7425154203956481,2470.5
2020-04-02,0.00021445205493364483,0.00012732454342767596,0.9996582269668579,2526.89990234375
2020-04-03,0.003273766953498125,0.7230893969535828,0.2736368477344513,2488.64990234375
2020-04-06,0.00022793206153437495,0.006934975273907185,0.992837131023407,2663.679931640625
2020-04-14,0.0006344144348986447,0.15251456201076508,0.8468509912490845,2846.06005859375
2020-04-16,0.0011134063825011253,0.01666111871600151,0.9822254180908203,2799.550048828125
2020-04-20,0.5308307521045208,0.0002420477831037715,0.4689272539690137,2823.159912109375
2020-04-21,0.4996330420108279,0.0002764359123830218,0.5000905906781554,2736.56005859375
2020-04-23,0.008729014545679092,7.945571996970102e-05,0.991191565990448,2797.800048828125
2020-04-24,0.49936847931166994,0.49999546876642853,0.0006361398845911026,2836.739990234375
2020-04-27,0.9962765574455261,0.0019852654077112675,0.0017380964709445834,2878.47998046875
2020-04-28,0.017437640242860653,0.49658311082748696,0.4859792464412749,2863.389892578125
2020-04-30,0.2579875886440277,0.000789139022041733,0.7412232458591461,2912.429931640625
2020-05-01,0.3194058352819411,0.011994760898232926,0.6685994107586642,2830.7099609375
2020-05-04,0.49924808802461484,0.0014070085308048874,0.49934496608329937,2842.739990234375
2020-05-06,0.0001857195602497086,0.9932456612586975,0.006568596698343754,2848.419921875
2020-05-08,0.0013703573495149612,0.00028517915052361786,0.9983444213867188,2929.800048828125
2020-05-11,0.8938127756118774,0.0002922769053839147,0.10589497536420822,2930.18994140625
2020-05-12,0.7201961626609167,0.0004695943110467245,0.27933424468695495,2870.1201171875
2020-05-13,0.00020654643594752997,0.00010236957314191386,0.9996911287307739,2820.0
2020-05-15,9.572748967912048e-05,0.998788058757782,0.0011161748552694917,2863.699951171875
2020-05-19,0.48711312195518985,0.011298616904241499,0.5015882704174146,2922.93994140625
2020-05-20,0.004156890790909529,0.9870629906654358,0.0087800407782197,2971.610107421875
2020-05-21,0.4987730810971698,0.00016187083383556455,0.5010650012409315,2948.510009765625
2020-05-26,0.00024085221230052412,0.0010568923316895962,0.9987022876739502,2991.77001953125
2020-05-27,0.00021292456949595362,0.00016263412544503808,0.9996243715286255,3036.1298828125
2020-05-28,0.00019114671158604324,0.00019004903151653707,0.9996187686920166,3029.72998046875
2020-05-29,0.8794909119606018,0.0626867339015007,0.0578223280608654,3044.31005859375
2020-06-04,0.0004878234467469156,8.235569839598611e-05,0.9994297623634338,3112.35009765625
2020-06-05,0.21329283714294434,0.009776563383638859,0.776930570602417,3193.929931640625
2020-06-10,0.00024016512907110155,0.00011268450180068612,0.9996471405029297,3190.139892578125
2020-06-11,0.0009362678392790258,0.5897176861763,0.4093460440635681,3002.10009765625
2020-06-16,0.00024378894158871844,0.0005285194238240365,0.9992276728153229,3124.739990234375
2020-06-19,0.00026679527945816517,0.000252032681601122,0.9994811415672302,3097.739990234375
2020-06-22,0.001081775058992207,0.4857327938079834,0.513185441493988,3117.860107421875
2020-06-23,0.7072921395301819,0.0011254089185968041,0.2915824353694916,3131.2900390625
2020-06-25,0.33114618330970796,0.33281287700325873,0.3360409934539348,3083.760009765625
2020-06-26,8.502729906467721e-05,0.9998363256454468,7.87181343184784e-05,3009.050048828125
2020-06-29,0.009897181764245033,0.008438816294074059,0.9816640615463257,3053.239990234375
2020-06-30,0.00022557014017365873,0.00012845049786847085,0.9996459484100342,3100.2900390625
2020-07-06,0.81236732006073,0.0042505874298512936,0.18338210880756378,3179.719970703125
2020-07-10,0.00023396749020321295,0.004545186966424808,0.995220810174942,3185.0400390625
2020-07-13,0.00036378801451064646,0.00013063388178125024,0.9995055198669434,3155.219970703125
2020-07-16,0.0018203493673354387,0.00016802693426143378,0.998011589050293,3215.570068359375
2020-07-17,0.00010468398977536708,0.9994353652000427,0.0004598962841555476,3224.72998046875
2020-07-20,0.49008782106102444,0.00197012371791061,0.5079420646652579,3251.840087890625
2020-07-22,0.008389689959585667,0.001347723533399403,0.990262508392334,3276.02001953125
2020-07-24,0.00018729668227024376,0.9993531107902527,0.00045964974560774863,3215.6298828125
2020-07-27,0.00017367041436955333,0.00018593757704365999,0.9996403455734253,3239.409912109375
2020-07-30,0.347149807959795,0.09982682602276327,0.5530233904719353,3246.219970703125
2020-08-03,0.00019916325254598632,0.0003453903627814725,0.999455451965332,3294.610107421875
2020-08-04,0.4995017596229445,0.0002604255423648283,0.5002378129574936,3306.510009765625
2020-08-10,0.3349068329747145,0.000369488014257513,0.6647236531134695,3360.469970703125
2020-08-11,0.00021778579684905708,0.00012130204413551837,0.9996609091758728,3333.68994140625
2020-08-14,0.0006255080224946141,0.00010469050175743178,0.9992697834968567,3372.85009765625
2020-08-17,0.002365613356232643,0.0077040535397827625,0.989930272102356,3381.989990234375
2020-08-20,0.3852905865496723,0.11323617018933874,0.501473248237744,3385.510009765625
2020-08-24,0.9966512322425842,0.0022794422693550587,0.0010692868381738663,3431.280029296875
2020-08-25,0.2796374484411596,0.0015572303818771616,0.718805323044459,3443.6201171875
2020-08-26,0.2924415062540599,0.0092077746327656,0.698350690305233,3478.72998046875
2020-08-27,0.33273320776546217,0.0006659872112019608,0.6666007999059124,3484.550048828125
2020-08-28,0.00031809721258468926,0.00011429197911638767,0.9995675683021545,3508.010009765625
2020-08-31,0.0005983395967632532,0.000158172711962834,0.9992434978485107,3500.31005859375
2020-09-08,0.9863891899585724,0.002836074185324833,0.010774720401968807,3331.840087890625
2020-09-09,0.0016623513074591756,6.658396159764379e-05,0.998271107673645,3398.9599609375
2020-09-10,0.7413322925567627,0.02050105109810829,0.2381666749715805,3339.18994140625
2020-09-11,0.07653582841157913,0.8828222751617432,0.040641963481903076,3340.969970703125
2020-09-14,0.00024712199228815734,0.0004881653124660564,0.9992647171020508,3383.5400390625
2020-09-15,0.00019147460989188403,0.00012278725262149237,0.9996857345104218,3401.199951171875
2020-09-16,0.00020168388437014073,8.337363397004083e-05,0.9997149109840393,3385.489990234375
2020-09-17,0.010447375476360321,0.002600077772513032,0.986952543258667,3357.010009765625
2020-09-21,0.6200888603925705,0.1956565836444497,0.18425458297133446,3281.06005859375
2020-09-23,0.03160751610994339,0.9674584865570068,0.000934053969103843,3236.919921875
2020-09-24,0.634392261505127,0.0003217856865376234,0.3652859330177307,3246.590087890625
2020-09-25,0.00026638348936103284,0.00011307130625937134,0.9996205568313599,3298.4599609375
2020-09-28,0.4367919151482056,0.06287296571099432,0.5003351717605256,3351.60009765625
2020-09-29,0.0003615860623540357,9.370009138365276e-05,0.9995447099208832,3335.469970703125
2020-09-30,0.00074298310209997,0.00028862145882158075,0.9989683777093887,3363.0
2020-10-01,0.6727361027151346,0.3263812324536654,0.000882624958952268,3380.800048828125
2020-10-02,0.00022245758736971766,0.00015106535283848643,0.9996263980865479,3348.419921875
2020-10-07,0.00021020248823333532,8.499316754750907e-05,0.9997047781944275,3419.43994140625
2020-10-08,0.00021085011394461617,0.0001740860316203907,0.9996150434017181,3446.830078125
2020-10-09,0.0009540707687847316,0.0003223792591597885,0.998723566532135,3477.139892578125
2020-10-13,0.00022092247672844678,0.0014142118016025051,0.9983648359775543,3511.929931640625
2020-10-15,0.0008862191170919687,0.49934196544927545,0.4997717817896046,3483.340087890625
2020-10-19,0.001055508415447548,8.281317423097789e-05,0.998861700296402,3426.919921875
2020-10-21,0.7287022471427917,0.0003925195778720081,0.27090519666671753,3435.56005859375
2020-10-22,0.0002501716371625662,8.046499715419486e-05,0.9996694326400757,3453.489990234375
2020-10-28,0.0005775971803814173,0.14293994817944622,0.8564824908971786,3271.030029296875
2020-11-02,0.00023941745894262567,7.212975833681412e-05,0.9996884763240814,3310.239990234375
2020-11-03,0.00021951297821942717,0.00013645217404700816,0.9996440410614014,3369.159912109375
2020-11-04,0.0003087619843427092,6.571388803422451e-05,0.9996254444122314,3443.43994140625
2020-11-05,0.005701824280549772,0.19450469524308572,0.7997934889688623,3510.449951171875
2020-11-06,0.023388395085930824,0.0006246070843189955,0.9759869575500488,3509.43994140625
2020-11-09,0.049363208054273855,0.0005297997122397646,0.9501070082187653,3550.5
2020-11-10,0.001090152623267689,0.3326656942687502,0.6662441661270956,3545.530029296875
2020-11-11,0.00019192937179468572,0.0001361389586236328,0.9996719360351562,3572.659912109375
2020-11-12,0.00021492090309038758,0.0008559233392588794,0.9989290833473206,3537.010009765625
2020-11-13,0.004817479755729437,0.06885495781898499,0.9263275265693665,3585.14990234375
2020-11-16,0.0007707161930738948,0.00019629660891951062,0.9990330040454865,3626.909912109375
2020-11-17,0.0006261093658395112,0.01045904215425253,0.9889149069786072,3609.530029296875
2020-11-19,0.004694829229265451,0.6023605465888977,0.3929446339607239,3581.8701171875
2020-11-20,0.00019850734679494053,0.0010694795055314898,0.9987320303916931,3557.5400390625
2020-11-24,0.0002154310786863789,8.52066368679516e-05,0.9996993541717529,3635.409912109375
2020-12-02,0.00021371008915593848,0.00011980895578744821,0.9996664822101593,3669.010009765625
2020-12-03,0.8977774381637573,0.0005601586308330297,0.10166238248348236,3666.719970703125
2020-12-08,0.34384139280882664,0.03956647261899585,0.6165921388504406,3702.25
2020-12-09,0.0004234133957652375,0.2495543111999723,0.7500223341048695,3672.820068359375
2020-12-11,0.9950231313705444,0.0014427383430302143,0.003534129820764065,3663.4599609375
2020-12-14,0.00019674053328344598,0.001654398423852399,0.9981488883495331,3647.489990234375
2020-12-16,0.49861293239519,0.011456670123152435,0.48993039412016515,3701.169921875
2020-12-17,0.0002268934331368655,8.340559725183994e-05,0.9996896684169769,3722.47998046875
2020-12-18,0.011278640478849411,0.00038097825017757714,0.9883403778076172,3709.409912109375
2020-12-21,0.00033684849040582776,0.00010368773655500263,0.9995594620704651,3694.919921875
2020-12-22,0.00020544569997582585,0.0001654825173318386,0.999629020690918,3687.260009765625
2020-12-23,0.00011490211909404024,0.9995598196983337,0.00032531627221032977,3690.010009765625
2020-12-24,0.00090693065430969,0.7165636420249939,0.28252941370010376,3703.06005859375
2020-12-31,0.038037001992051955,0.4229870951930934,0.5389759466052055,3756.070068359375
2021-01-04,0.013855362311005592,0.0074676452204585075,0.9786769151687622,3700.64990234375
2021-01-06,0.012250499028596096,0.48776411887592985,0.49998536765633617,3748.139892578125
2021-01-07,0.0008444080012850463,0.0379980894504115,0.9611575305461884,3803.7900390625
2021-01-14,0.00021923554595559835,0.0001300335570704192,0.9996507167816162,3795.5400390625
2021-01-15,0.0005166785122128204,0.49993577686836943,0.4995475426330813,3768.25
2021-01-19,0.4976173970462696,0.5009635301539674,0.0014190904912538826,3798.909912109375
2021-01-21,0.00035403764923103154,0.9995520710945129,9.38430821406655e-05,3853.070068359375
2021-01-22,0.030043405247852206,0.4849792020395398,0.48497744076303206,3841.469970703125
2021-01-25,0.0005460348329506814,0.9991059899330139,0.00034790337667800486,3855.360107421875
2021-01-26,0.0003631325889728032,0.00014742610073881224,0.9994893670082092,3849.6201171875
2021-01-27,0.008091136765870033,0.4999054761865409,0.4920034145034151,3750.77001953125
2021-01-29,0.0001982136454898864,0.003631052328273654,0.996170699596405,3714.239990234375
2021-02-02,0.00030034622371507186,0.33328626080522855,0.6664133788047669,3826.31005859375
2021-02-03,0.00015808128227945417,0.9982345104217529,0.0016074804589152336,3830.169921875
2021-02-04,0.9484368562698364,0.013011340983211994,0.03855184465646744,3871.739990234375
2021-02-05,0.0008502440032316372,0.0013483674829330994,0.9978013932704926,3886.830078125
2021-02-08,0.007444431073963642,6.79525692248717e-05,0.9924876689910889,3915.590087890625
2021-02-09,0.31802191488289583,0.00013785424622862288,0.6818402285377184,3911.22998046875
2021-02-11,0.00025835781343630515,0.33327687275232165,0.6664647734141909,3916.3798828125
2021-02-16,0.43843957952049095,0.017101150064263493,0.5444592572748661,3932.590087890625
2021-02-17,0.00023639319988433272,7.573954644612968e-05,0.999687910079956,3931.330078125
2021-02-18,0.00030319683719426394,0.00016274774679914117,0.9995341300964355,3913.969970703125
2021-02-19,0.0004909089911961928,0.00012085859998478554,0.9993882477283478,3906.7099609375
2021-02-23,0.9985783696174622,0.0006334617646643892,0.0007881394994910806,3881.3701171875
2021-02-24,0.9789919853210449,0.015145130455493927,0.005862879246706143,3925.429931640625
2021-02-25,0.3702825935833971,0.001449486007913947,0.6282679736614227,3829.340087890625
2021-03-01,0.00019743652956094593,0.00024604907957836986,0.9995564818382263,3901.820068359375
2021-03-02,0.00023636396508663893,0.33441964071244,0.6653440279842471,3870.2900390625
2021-03-03,0.0004207473830319941,5.825818152516149e-05,0.999521017074585,3819.719970703125
2021-03-04,0.9005192518234253,0.09714220545720309,0.002338521104926864,3768.469970703125
2021-03-05,0.0002642935069161467,0.00026347869425080717,0.9994722008705139,3841.93994140625
2021-03-09,0.014277622181301316,8.318314333640349e-05,0.9856391747792562,3875.43994140625
2021-03-10,0.000996711736661382,0.0005154675964149646,0.998487800359726,3898.81005859375
2021-03-11,0.6611532923416235,0.0007037904094128559,0.3381428765133023,3939.340087890625
2021-03-12,0.213974301800287,0.11886453253828222,0.6671611998074999,3943.340087890625
2021-03-17,0.2962460663402453,0.3074932514282409,0.39626069615284604,3974.1201171875
2021-03-23,0.907707691192627,0.08904614299535751,0.0032460936345160007,3910.52001953125
2021-03-30,0.9945253133773804,0.004278560634702444,0.0011961733689531684,3958.550048828125
2021-03-31,0.0014217140754529585,0.33167128131754,0.6669070126178364,3972.889892578125
2021-04-01,0.0003901798772858456,0.3742944814245372,0.6253153582413992,4019.8701171875
2021-04-05,0.0002720341144595295,0.0001186406661872752,0.9996094107627869,4077.909912109375
2021-04-06,0.17884700595459435,0.15267001795291435,0.6684829766551653,4073.93994140625
2021-04-12,0.4796958565711975,0.515895426273346,0.004408745560795069,4127.990234375
2021-04-13,0.0001549617009004578,0.4999477007731912,0.4998973504989408,4141.58984375
2021-04-14,0.018393932608887553,0.4787311307154596,0.5028749611228704,4124.66015625
2021-04-15,0.0010585372547211591,0.001187149500765372,0.9977543205022812,4170.419921875
2021-04-19,0.0006979311583563685,0.0002769121201708913,0.9990251064300537,4163.259765625
2021-04-20,0.9962621331214905,0.0002916491648647934,0.003446162911131978,4134.93994140625
2021-04-21,0.0009313283953815699,0.9986652135848999,0.0004035145102534443,4173.419921875
2021-04-26,0.0003404742747079581,8.069015166256577e-05,0.9995788931846619,4187.6201171875
2021-04-28,0.9982081651687622,0.0002866258437279612,0.0015051986556500196,4183.18017578125
2021-04-29,0.33300454135799856,0.33340841193178977,0.33358702540378243,4211.47021484375
2021-04-30,0.49944609428712283,0.5001873284054454,0.00036650362744694576,4181.169921875
2021-05-03,0.9987248778343201,0.0005584093159995973,0.0007166682626120746,4192.66015625
2021-05-04,0.001929525751620531,0.031386230140924454,0.9666842222213745,4164.66015625
2021-05-05,0.49914627613907214,0.0008618245446996298,0.49999187483626883,4167.58984375
2021-05-06,0.00021279917564243078,0.00016144475375767797,0.9996256828308105,4201.6201171875
2021-05-07,0.7038934230804443,0.12093216925859451,0.17517440021038055,4232.60009765625
2021-05-10,0.00026243330466968473,0.4999714663372288,0.49976604993753426,4188.43017578125
2021-05-12,0.00025079002080019563,0.0007857806922402233,0.9989634454250336,4063.0400390625
2021-05-14,0.00030739145586267114,0.00045869292807765305,0.9992339611053467,4173.85009765625
2021-05-17,0.0001661119022173807,0.0002337599144084379,0.9996001124382019,4163.2900390625
2021-05-18,0.0001677522886893712,0.5003905948251486,0.4994416738700238,4127.830078125
2021-05-19,0.00026390369748696685,6.887247582199052e-05,0.9996672868728638,4115.68017578125
2021-05-20,0.00022618172806687653,7.818777521606535e-05,0.9996956586837769,4159.1201171875
2021-05-21,0.4654366904287599,0.0005083712130726781,0.5340549498796463,4155.85986328125
2021-05-24,0.00019291123317088932,0.00012131940457038581,0.9996857643127441,4197.0498046875
2021-05-25,0.49912906653480604,0.0005607311250059865,0.5003101730835624,4188.1298828125
2021-05-28,0.49832388471259037,0.0002002860164793674,0.5014758177567273,4204.10986328125
2021-06-01,0.00019782732124440372,0.00010230546467937529,0.9996999502182007,4202.0400390625
2021-06-02,8.887063449947163e-05,0.9998315572738647,7.949396240292117e-05,4208.1201171875
2021-06-03,0.0002644311753101647,7.425090007018298e-05,0.9996613264083862,4192.85009765625
2021-06-09,0.04696926932956558,0.4512424352578819,0.5017883279360831,4219.5498046875
2021-06-10,0.0002988425549119711,0.00010808134538820013,0.9995930790901184,4239.18017578125
2021-06-14,0.00022237785742618144,0.0003017709532286972,0.99947589635849,4255.14990234375
2021-06-15,0.49925186743348604,0.0002725877711782232,0.5004755704430863,4246.58984375
2021-06-16,0.0008231672982219607,0.0026465421142347623,0.9965303242206573,4223.7001953125
2021-06-17,0.022998061031103134,0.00010042253416031599,0.9769014716148376,4221.85986328125
2021-06-18,0.0002835826308000833,7.936602560221218e-05,0.9996370375156403,4166.4501953125
2021-06-21,0.000300495681585744,0.00010787030623760074,0.9995916485786438,4224.7900390625
2021-06-23,0.0002804478717735037,0.00011685140270856209,0.9996027052402496,4241.83984375
2021-06-24,0.9985439777374268,0.00038259520079009235,0.001073523540981114,4266.490234375
2021-06-25,0.00023910982417874038,7.253913645399734e-05,0.9996883869171143,4280.7001953125
2021-06-29,0.10126179302460514,0.5051141143776476,0.39362407848238945,4291.7998046875
2021-06-30,0.34089841520957026,0.3269771634756277,0.33212440700541873,4297.5
2021-07-02,6.139648030512035e-05,0.9998629093170166,7.568689034087583e-05,4352.33984375
2021-07-06,0.0006063460896257311,0.48822140825359384,0.511172192171216,4343.5400390625
2021-07-07,0.9851006865501404,0.0004546181589830667,0.014444752596318722,4358.1298828125
2021-07-08,0.28981488353262347,0.04424135464068968,0.6659436930591861,4320.81982421875
2021-07-13,0.499104133588844,0.0002233738559880294,0.5006724786944687,4369.2099609375
2021-07-15,0.49850568498368375,0.0013873110001441091,0.5001069770660251,4360.02978515625
2021-07-19,0.04261760786175728,0.9539737701416016,0.003408603137359023,4258.490234375
2021-07-21,0.49939154025923926,0.0002110291134158615,0.5003974432474934,4358.68994140625
2021-07-22,0.24113680931259296,0.26010768009655294,0.49875552693993086,4367.47998046875
2021-07-23,0.0003497714933473617,8.252558473031968e-05,0.9995676875114441,4411.7900390625
2021-07-29,0.0015119121089810506,0.4951375979799195,0.5033505426254123,4419.14990234375
2021-07-30,0.998836100101471,0.00044524227268993855,0.0007186750881373882,4395.259765625
2021-08-02,0.0009779428219189867,0.0005847975335200317,0.9984372735023499,4387.16015625
2021-08-03,0.0002216023567598313,0.0012100756430299953,0.9985682964324951,4423.14990234375
2021-08-04,0.0002459344104863703,0.00016396204591728747,0.9995900988578796,4402.66015625
2021-08-05,0.20361327595310286,0.49921812885440886,0.29716855060542,4429.10009765625
2021-08-06,0.00023180955031421036,0.0001800179888959974,0.9995881915092468,4436.52001953125
2021-08-09,0.33325917919379816,0.00021539303997997195,0.6665254409696596,4432.35009765625
2021-08-10,0.07661203715542797,0.0002989476124639623,0.9230890274047852,4436.75
2021-08-11,0.00030043598235351965,0.00012986885121790692,0.9995697140693665,4442.41015625
2021-08-12,0.0007145694689825177,0.3520364901050925,0.6472489088773727,4460.830078125
2021-08-16,0.49755114666186273,0.002870936441468075,0.49957792490022257,4479.7099609375
2021-08-17,0.0002143638048437424,9.884851897368208e-05,0.9996867775917053,4448.080078125
2021-08-18,0.0004274054372217506,0.00809828657656908,0.9914742708206177,4400.27001953125
2021-08-19,0.0002657549048308283,0.0002625896595418453,0.9994717240333557,4405.7998046875
2021-08-20,0.679598331451416,0.31427833437919617,0.006123301573097706,4441.669921875
2021-08-24,0.0003358463291078806,0.0002898602106142789,0.9993743300437927,4486.22998046875
2021-08-25,0.9986703395843506,0.00047108985017985106,0.0008586273179389536,4496.18994140625
2021-08-26,0.3334965906590999,0.24131258777439749,0.42519083914036554,4470.0
2021-08-27,0.0015199678018689156,0.00011187954078195617,0.9983682036399841,4509.3701171875
2021-08-31,0.00027281660004518926,8.577998960390687e-05,0.9996414184570312,4522.68017578125
2021-09-02,0.0018629698824952357,0.46476387119400897,0.5333731397986412,4536.9501953125
2021-09-07,0.9973835349082947,0.0006724786362610757,0.0019440051401033998,4520.02978515625
2021-09-08,0.32707943391869776,0.17315668181981891,0.4997639151988551,4514.06982421875
2021-09-10,0.9983818531036377,0.000340966391377151,0.0012771111214533448,4458.580078125
2021-09-13,0.6654060938744806,0.0005886934523005038,0.3340052166604437,4468.72998046875
2021-09-16,0.9982377290725708,0.0004340809828136116,0.0013281964929774404,4473.75
2021-09-20,0.9985308051109314,0.0008158620912581682,0.0006533401610795408,4357.72998046875
2021-09-22,0.6007222433884939,0.30057788170718897,0.09869983035605401,4395.64013671875
2021-09-28,0.9762707948684692,0.0012619292829185724,0.022467292845249176,4352.6298828125
2021-09-29,0.905559778213501,0.0067634619772434235,0.08767668157815933,4359.4599609375
2021-09-30,0.3973757462459616,0.01814957253955072,0.5844746914459392,4307.5400390625
2021-10-01,0.4971289022723795,0.0026032103633042425,0.5002678913297132,4357.0400390625
2021-10-05,0.0004922732405248098,0.347315125829482,0.6521925628185272,4345.72021484375
2021-10-06,0.6533252551841239,0.0002810063985331605,0.34639374535375583,4363.5498046875
2021-10-07,0.000211030292120995,0.2500086720638137,0.7497803031183139,4399.759765625
2021-10-11,0.0987614878686145,0.2744502465648111,0.6267882248697182,4361.18994140625
2021-10-12,0.0003387999895494431,7.099303911672905e-05,0.9995902180671692,4350.64990234375
2021-10-13,0.0006548489618580788,0.0002642420804477297,0.9990809162457784,4363.7998046875
2021-10-15,0.2859834134578705,0.0003766279842238873,0.7136399745941162,4471.3701171875
2021-10-18,0.22413653758485452,0.025614691148803104,0.7502487611491233,4486.4599609375
2021-10-19,0.004353560846842204,0.331306367382543,0.6643400628430148,4519.6298828125
2021-10-21,0.000245717033976689,6.527290679514408e-05,0.999688982963562,4549.77978515625
2021-10-22,0.00018658259068615735,0.0001824837236199528,0.9996309280395508,4544.89990234375
2021-10-25,0.00516818230971694,8.73029712238349e-05,0.9947445392608643,4566.47998046875
2021-10-26,0.00029285255004651845,6.464685429818928e-05,0.9996424913406372,4574.7900390625
2021-10-27,0.49923929903889075,0.0003109518947894685,0.5004497291520238,4551.68017578125
2021-10-28,0.0016830404638312757,6.554627179866657e-05,0.9982514083385468,4596.419921875
2021-11-01,0.003927169367671013,8.215782872866839e-05,0.9959906935691833,4613.669921875
2021-11-03,0.00021388824097812176,0.9996273517608643,0.00015873934898991138,4660.56982421875
2021-11-04,0.00034965158556587994,0.03869757540815044,0.9609527587890625,4680.06005859375
2021-11-08,0.0005528643329550201,0.3306394121827907,0.6688077414097885,4701.7001953125
2021-11-09,0.00036202063589977723,0.3332491409261517,0.6663888613256859,4685.25
2021-11-11,0.28112125396728516,0.7113491892814636,0.007529490627348423,4649.27001953125
2021-11-12,0.000230889578233473,0.00012056359992129728,0.9996485710144043,4682.85009765625
2021-11-15,0.17350202865782194,0.3332855379509662,0.49321238837001147,4682.7998046875
2021-11-16,0.00027855767984874547,7.031700079096481e-05,0.9996510744094849,4700.89990234375
2021-11-17,0.001592095875821542,0.0011931443150388077,0.9972147941589355,4688.669921875
2021-11-22,6.13011434325017e-05,0.9998471736907959,9.159575711237267e-05,4682.93994140625
2021-11-24,0.00022389406512957066,0.00010095208563143387,0.9996751546859741,4701.4599609375
2021-11-29,0.9974237680435181,0.0019778250716626644,0.000598386861383915,4655.27001953125
2021-11-30,0.00156637211330235,0.0027440120247774757,0.9956896305084229,4567.0
2021-12-01,0.00021760982053820044,0.0001236508396686986,0.9996587038040161,4513.0400390625
2021-12-02,0.24997841459480696,0.002859319622075418,0.7471622811863199,4577.10009765625
2021-12-06,0.00029338212334550917,0.0001085841067833826,0.9995980858802795,4591.669921875
2021-12-07,0.7336062043905258,0.001594787259818986,0.26479899045079947,4686.75
2021-12-08,0.6653562114806846,0.00047813679702812806,0.33416566307035583,4701.2099609375
2021-12-09,0.9657743573188782,0.0003678733773995191,0.03385781869292259,4667.4501953125
2021-12-10,0.002864660640625516,0.6569400554290041,0.34019525623686303,4712.02001953125
2021-12-13,0.49545342808414716,0.004012277498986805,0.5005342724034563,4668.97021484375
2021-12-14,0.038220720838580746,0.0004351639399828855,0.9613441526889801,4634.08984375
2021-12-15,0.0002108817789121531,0.0001861927958088927,0.9996029138565063,4709.85009765625
2021-12-16,0.00035045979893766344,0.0015341369435191154,0.9981154203414917,4668.669921875
2021-12-17,0.000256541243288666,0.00015557045117020607,0.9995879530906677,4620.64013671875
2021-12-20,0.8613942861557007,0.0005296652088873088,0.138076052069664,4568.02001953125
2021-12-21,0.0002649763773661107,6.723513797624037e-05,0.999667763710022,4649.22998046875
2021-12-23,0.0003623887605499476,0.0008233303888118826,0.9988142848014832,4725.7900390625
2022-01-03,0.8574826717376709,0.13687364757061005,0.00564367463812232,4796.56005859375
2022-01-04,0.0360177680850029,0.0006727583822794259,0.9633094966411591,4793.5400390625
2022-01-05,0.9977104663848877,0.0006729984500755867,0.0016165478543067973,4700.580078125
2022-01-06,0.0012519549345597625,0.0016342054586857557,0.997113823890686,4696.0498046875
2022-01-11,0.3318625440685234,0.011952183939380726,0.6561852532128493,4713.06982421875
2022-01-12,0.49935497717524413,0.5000484365737066,0.000596600875724107,4726.35009765625
2022-01-13,0.0054210328962653875,0.0001426718881702982,0.9944362640380859,4659.02978515625
2022-01-14,0.9980953335762024,0.00031043955823406577,0.0015942832687869668,4662.85009765625
2022-01-18,0.005331776061211713,0.15394318389007822,0.8407250344753265,4577.10986328125
2022-01-19,0.0002380120276939124,0.00010722202569013461,0.9996547698974609,4532.759765625
2022-01-20,0.0003390225125864769,0.0009023837119457312,0.9987585743268331,4482.72998046875
2022-01-21,0.3973660250582422,0.0006661935476586223,0.6019677560349616,4397.93994140625
2022-01-24,0.31797371079058695,0.3342135951873691,0.34781266648254433,4410.1298828125
2022-01-25,0.9961860775947571,0.003282947698608041,0.0005309190601110458,4356.4501953125
2022-01-26,0.19960219526547007,0.0001772582545527257,0.8002205590407053,4349.93017578125
2022-01-27,0.03331087719319233,0.00012303355955130732,0.9665660659472147,4326.509765625
2022-01-28,0.14382940620998852,0.28485101779473815,0.5713195941914039,4431.85009765625
2022-02-01,0.002937177661806345,0.0002440223761368543,0.9968187808990479,4546.5400390625
2022-02-03,0.24308687156735687,0.0003573667254386237,0.7565557584166527,4477.43994140625
2022-02-04,0.4995723494212143,0.00037904649070696905,0.5000485649798065,4500.52978515625
2022-02-07,0.000781355585786514,0.44536918670200976,0.5538495033979416,4483.8701171875
2022-02-09,0.0002119286364177242,8.379993232665583e-05,0.9997043013572693,4587.18017578125
2022-02-10,0.9978908896446228,0.0003890565421897918,0.0017201033188030124,4504.080078125
2022-02-11,0.9414195418357849,0.0038168795872479677,0.0547635443508625,4418.64013671875
2022-02-14,0.9094609022140503,0.0007880667108111084,0.08975103497505188,4401.669921875
2022-02-15,0.9978488683700562,0.00031414144905284047,0.0018369646277278662,4471.06982421875
2022-02-17,0.504268107470125,0.0003007952473126352,0.49543108683428727,4380.259765625
2022-02-18,0.4983234837127384,0.5000614954478806,0.0016149845396284945,4348.8701171875
2022-02-22,0.0003504204214550555,0.00011129830818390474,0.9995383024215698,4304.759765625
2022-02-23,0.017434499488445,0.4820920425627264,0.5004734775866382,4225.5
2022-02-24,0.0006079116719774902,5.4706029914086685e-05,0.999337375164032,4288.7001953125
2022-03-01,0.2507697620567342,0.0002700454460864421,0.7489601792185567,4306.259765625
2022-03-03,0.49381371088384185,0.4879618148552254,0.018224452156573534,4363.490234375
2022-03-04,0.3329393017581121,0.0013357035034763005,0.6657249835746674,4328.8701171875
2022-03-07,0.0021218428446445614,0.0001366728320135735,0.9977415204048157,4201.08984375
2022-03-08,0.012869875878095627,0.0019533110316842794,0.9851768016815186,4170.7001953125
2022-03-09,0.9808239936828613,0.015563604421913624,0.0036124258767813444,4277.8798828125
2022-03-14,0.029010643833316863,0.019840883527649567,0.9511484503746033,4173.10986328125
2022-03-15,0.3808950765038996,0.00523768103691206,0.6138672236508379,4262.4501953125
2022-03-16,8.191935194190592e-05,0.9990271329879761,0.0008909560274332762,4357.85986328125
2022-03-17,0.000293454456065471,0.0001588804237447524,0.9995476603507996,4411.669921875
2022-03-18,0.00033046643511625007,0.00036519980494631454,0.9993043541908264,4463.1201171875
2022-03-22,0.001152324432041496,0.009745872303028591,0.989101767539978,4511.60986328125
2022-03-23,0.2578372218995355,0.0007131464662961662,0.7414496048731962,4456.240234375
2022-03-24,0.2492656384492875,0.0007714804632996675,0.7499628695077263,4520.16015625
2022-03-25,9.928354120347649e-05,0.9998078942298889,9.289807348977774e-05,4543.06005859375
2022-03-29,0.000279864325420931,0.5034059113822877,0.4963142182677984,4631.60009765625
2022-03-31,0.4989323019835865,0.0002643935258674901,0.5008033475605771,4530.41015625
2022-04-01,0.0015082726604305208,0.0001456323625461664,0.9983460903167725,4545.85986328125
2022-04-04,0.9986709356307983,0.0007306484039872885,0.000598463520873338,4582.64013671875
2022-04-05,0.6638995126171116,0.0023694977377696582,0.3337309878940384,4525.1201171875
2022-04-06,0.6265923964674585,0.0024109584919642657,0.3709966307505965,4481.14990234375
2022-04-07,0.30962479950297467,0.006624102868954651,0.6837511422733465,4500.2099609375
2022-04-08,0.39728855472058056,0.000318128960498143,0.6023933236021548,4488.27978515625
2022-04-11,0.0005135731189511716,0.005761490669101477,0.9937250018119812,4412.52978515625
2022-04-12,0.9712157249450684,0.0003527460212353617,0.028431499376893044,4397.4501953125
2022-04-13,0.002310019452124834,6.88910367898643e-05,0.9976211190223694,4446.58984375
2022-04-14,0.004476704038097523,0.3311282707581995,0.6643950790166855,4392.58984375
2022-04-18,0.0005899503012187779,0.00021727329294662923,0.9991927742958069,4391.68994140625
2022-04-19,0.00023534250794909894,0.0001323575124843046,0.999632328748703,4462.2099609375
2022-04-20,0.0002370565925957635,0.00013363713514991105,0.9996292591094971,4459.4501953125
2022-04-21,0.00032025182736106217,0.00013636701623909175,0.9995433688163757,4393.66015625
2022-04-22,0.9946108758449554,0.0014559667033609003,0.003933139611035585,4271.77978515625
2022-04-25,0.7484346656092384,0.000927629487705417,0.25063769283588044,4296.1201171875
2022-04-26,0.15069732069969177,0.00036838080268353224,0.8489343523979187,4175.2001953125
2022-04-27,0.4988673643601942,0.0009363302997371648,0.5001963678805623,4183.9599609375
2022-04-28,0.00025634458870626986,6.622932414757088e-05,0.9996774196624756,4287.5
2022-04-29,0.3330331893569867,0.0002316094032721594,0.6667351697687991,4131.93017578125
2022-05-02,0.9977039694786072,0.000706301536411047,0.001589702325873077,4155.3798828125
2022-05-03,0.20499411539640278,0.04072054310381645,0.7542853485792875,4175.47998046875
2022-05-04,0.33331981984277564,0.0004268046808041011,0.6662533731432632,4300.169921875
2022-05-05,0.7239874098449945,0.013581103819888085,0.2624314732820494,4146.8701171875
2022-05-10,0.9988652467727661,0.00045726558892056346,0.000677590083796531,4001.050048828125
2022-05-11,6.415274401661009e-05,0.9998395442962646,9.63419588515535e-05,3935.179931640625
2022-05-13,0.4976073209254537,0.0012316526954236906,0.5011610364308581,4023.889892578125
2022-05-16,0.0009717314969748259,0.00011212161189178005,0.9989161491394043,4008.010009765625
2022-05-17,0.06942064272880089,0.4922093828790821,0.4383699307218194,4088.85009765625
2022-05-18,0.24916026358914678,0.0008945365516410675,0.7499451934127137,3923.679931640625
2022-05-23,0.9835733771324158,0.00029400974744930863,0.016132570803165436,3973.75
2022-05-24,0.500443002776592,0.0005176660779397935,0.49903933015593793,3941.47998046875
2022-05-26,0.8889266848564148,0.11013807356357574,0.0009352434426546097,4057.840087890625
2022-06-01,0.00022305046149995178,0.00010015469888458028,0.9996768236160278,4101.22998046875
2022-06-02,8.667629299452528e-05,0.9996076226234436,0.00030581949977204204,4176.81982421875
2022-06-06,0.14791459932894213,0.8494634032249451,0.0026220452855341136,4121.43017578125
2022-06-08,0.998570442199707,0.0005873764748685062,0.0008421947713941336,4115.77001953125
2022-06-09,0.3328829654686463,0.000346965925321759,0.6667700815014541,4017.820068359375
2022-06-10,0.00023546865850221366,0.0001070875150617212,0.999657392501831,3900.860107421875
2022-06-13,0.7907480001449585,0.0013011661358177662,0.2079508900642395,3749.6298828125
2022-06-14,0.000244153052335605,0.0001415573206031695,0.9996142387390137,3735.47998046875
2022-06-15,0.05717078217276139,0.005807522684335709,0.9370217025279999,3789.989990234375
2022-06-16,0.00021090828522574157,0.00015778580564074218,0.9996312856674194,3666.77001953125
2022-06-17,0.33294349688609753,0.002137349763264259,0.6649191677764369,3674.840087890625
2022-06-21,0.993881344795227,0.004376924596726894,0.0017417967319488525,3764.7900390625
2022-06-23,0.0004389446694403887,5.9717676776926965e-05,0.9995013475418091,3795.72998046875
2022-06-24,0.0002932254719780758,7.956240006024018e-05,0.9996272623538971,3911.739990234375
2022-06-27,0.673786461353302,0.0019963975064456463,0.3242170810699463,3900.110107421875
2022-06-28,0.9895889759063721,0.0008905399590730667,0.009520554915070534,3821.550048828125
2022-06-29,0.49944662677262386,0.2503383669281902,0.2502149992478735,3818.830078125
2022-07-05,0.49990516010439023,0.499503720071516,0.000591130432439968,3831.389892578125
2022-07-07,0.9956005811691284,0.0025259393732994795,0.001873386325314641,3902.6201171875
2022-07-11,0.49946057291526813,0.00045515605961554684,0.500084208935732,3854.429931640625
2022-07-12,0.0058035563852172345,0.15051274215147714,0.8436836898326874,3818.800048828125
2022-07-13,0.44403176710329717,0.040798840143907,0.515169362159213,3801.780029296875
2022-07-14,0.003978057764470577,0.00035529406159184873,0.9956666231155396,3790.3798828125
2022-07-15,0.08204134553670883,0.03654357045888901,0.881415069103241,3863.159912109375
2022-07-19,0.6652333859334855,0.0005228082300163805,0.33424378275716055,3936.68994140625
2022-07-20,0.9820290406545004,0.00028992461739107966,0.017681096641657252,3959.89990234375
2022-07-21,0.4984646160446573,0.0001680961504462175,0.5013673290377483,3998.949951171875
2022-07-22,0.4972695607066271,0.0001564712729305029,0.5025740107521415,3961.6298828125
2022-07-25,0.5537953861057758,0.44212567032082006,0.004078935919096693,3966.840087890625
2022-07-26,0.9986463785171509,0.0006576234882231802,0.0006959478196222335,3921.050048828125
2022-07-27,0.000310282179270871,6.322210538201034e-05,0.9996264576911926,4023.610107421875
2022-07-28,0.997043788433075,0.0008099104161374271,0.0021462934091687202,4072.429931640625
2022-07-29,0.32750671363707323,0.0001676741618818293,0.6723255589604378,4130.2900390625
2022-08-02,0.5414818748831749,0.45663622791471425,0.0018818884273059666,4091.18994140625
2022-08-03,0.9902334213256836,0.00026172681828029454,0.009504871442914009,4155.169921875
2022-08-04,0.9026033878326416,0.09547162055969238,0.0019250974291935563,4151.93994140625
2022-08-08,0.00018993153935298324,0.9994485974311829,0.0003614242887124419,4140.06005859375
2022-08-09,0.5971313399262727,0.18898241731076268,0.2138862165156752,4122.47021484375
2022-08-11,0.9985987544059753,0.0006272218888625503,0.00077395373955369,4207.27001953125
2022-08-15,0.00017168468912132084,0.00014934457431081682,0.9996789693832397,4297.14013671875
2022-08-16,0.00016939830675255507,0.00017737949383445084,0.9996532201766968,4305.2001953125
2022-08-17,0.02939001703634858,0.00012470313959056512,0.9704852998256683,4274.0400390625
2022-08-18,0.00020067011064384133,0.00011015788913937286,0.9996892213821411,4283.740234375
2022-08-19,0.49952900419884827,0.0003948641096940264,0.5000761481642257,4228.47998046875
2022-08-22,0.0003048377693630755,0.0006941946339793503,0.9990009665489197,4137.990234375
2022-08-25,0.32141374704951886,0.00017847205405511582,0.6784077659249306,4199.1201171875
2022-08-26,0.4997713112970814,0.0237596167717129,0.47646901954431087,4057.659912109375
2022-08-29,0.9971984624862671,0.00039954023668542504,0.0024019740521907806,4030.610107421875
2022-09-02,0.00021277718769852072,0.001546168583445251,0.9982410669326782,3924.260009765625
2022-09-06,0.9984562397003174,0.0009316712967120111,0.0006120824837125838,3908.18994140625
2022-09-08,0.43582884126954013,0.4999389459262602,0.06423220640863292,4006.179931640625
2022-09-09,0.49115437487489544,0.48065147642046213,0.028194138663820922,4067.360107421875
2022-09-12,0.0001433629950042814,0.998555600643158,0.0013010906986892223,4110.41015625
2022-09-13,0.49669707955399645,0.5011191895464435,0.00218370629590936,3932.68994140625
2022-09-14,0.00022869950771564618,0.004031276210298529,0.9957400262355804,3946.010009765625
2022-09-15,0.0008550820493837819,7.164574708440341e-05,0.9990732669830322,3901.35009765625
2022-09-16,0.12930363721776908,0.0011508045160250429,0.869545578956604,3873.330078125
2022-09-19,0.49889241669734474,0.5005898450617678,0.0005177399143576622,3899.889892578125
2022-09-20,0.323858883651805,0.10796723109524464,0.5681738930288702,3855.929931640625
2022-09-21,0.0002498765194710965,0.3339929294064253,0.6657571813557297,3789.929931640625
2022-09-22,0.000360301484761294,0.008013531827600673,0.9916262030601501,3757.989990234375
2022-09-23,0.49937829679402057,0.0005724858710891567,0.5000492284307256,3693.22998046875
2022-09-28,0.0002882976841647178,6.74170587444678e-05,0.9996442794799805,3719.0400390625
2022-09-29,0.5164908755614306,0.2326910664942261,0.250818045984488,3640.469970703125
2022-09-30,0.998753547668457,0.0007748118950985372,0.00047157553490251303,3585.6201171875
2022-10-04,0.00041229558216097456,0.048886908526280116,0.9507007797559103,3790.929931640625
2022-10-05,0.2574329311028123,0.2496060993289575,0.49296096901525743,3783.280029296875
2022-10-06,0.00040218594585894607,0.9086209237575531,0.09097691377610317,3744.52001953125
2022-10-10,0.0008661649553687312,0.14097086866786412,0.8581629693508148,3612.389892578125
2022-10-12,0.07906246556958649,0.29581497193285033,0.6251225471496582,3577.030029296875
2022-10-13,0.0002525718737160787,0.0010117281053680927,0.9987357258796692,3669.909912109375
2022-10-14,0.002051664787965516,0.31907646949305973,0.6788718687991301,3583.070068359375
2022-10-17,0.280090224230662,0.043197005992018,0.6767127731194099,3677.949951171875
2022-10-18,0.1411906164512402,0.6058179362989904,0.2529914553670096,3719.97998046875
2022-10-19,0.3328440412854737,0.3334085558296162,0.33374738401471404,3695.159912109375
2022-10-20,0.0007617063238285482,5.7933215430239215e-05,0.9991803765296936,3665.780029296875
2022-10-21,0.3323721492779441,0.3334931036661146,0.33413472850224935,3752.75
2022-10-25,0.0011247669244767167,0.15209229259865728,0.8467829289535681,3859.110107421875
2022-10-26,0.9231617748737335,0.06605663558002561,0.010781573946587741,3830.60009765625
2022-10-27,0.09622504562139511,0.7813488245010376,0.1224261149764061,3807.300048828125
2022-10-28,0.0012073399440851063,0.39334763755905444,0.6054450100520625,3901.06005859375
2022-10-31,0.6651513850471625,0.00039557387935929,0.33445308171212673,3871.97998046875
2022-11-01,0.00043187888149986975,0.4995878208283102,0.4999802915554028,3856.10009765625
2022-11-02,0.2192843019409338,0.3796193493544706,0.4010963328881189,3759.68994140625
2022-11-03,0.5474258065223694,0.0005134985549375415,0.45206066966056824,3719.889892578125
2022-11-04,0.00022697563690599054,0.00016590538143645972,0.9996071457862854,3770.550048828125
2022-11-07,0.49963122565532103,0.0006834164050815161,0.49968534588697366,3806.800048828125
2022-11-08,0.0003408118209335953,0.0001918620546348393,0.9994673728942871,3828.110107421875
2022-11-09,0.9950581789016724,0.0003561739285942167,0.00458562932908535,3748.570068359375
2022-11-10,0.33304208191596746,0.003181828336285738,0.663776082219556,3956.3701171875
2022-11-11,0.000374314040527679,8.976869139587507e-05,0.9995359480381012,3992.929931640625
2022-11-14,0.33292283437064424,0.3333384422076051,0.3337387253413908,3957.25
2022-11-15,0.33319446436750394,0.0002412117585966674,0.6665643566132834,3991.72998046875
2022-11-16,0.24977676841990615,0.25007813370757503,0.5001450609843232,3958.7900390625
2022-11-17,0.33297945957262226,0.33352200185375597,0.3334985999633015,3946.56005859375
2022-11-21,0.6641294724540785,0.0011671667646927137,0.33470338381205994,3949.93994140625
2022-11-22,0.0002243731141788885,0.3333402528199561,0.6664353619441196,4003.580078125
2022-11-23,0.6014516949653625,0.0014789317938266322,0.3970693620212842,4027.260009765625
2022-11-25,0.0002546898613218218,0.0001400976616423577,0.9996052384376526,4026.1201171875
2022-11-28,0.4712693740875693,0.0006635971749346936,0.5280670204665512,3963.93994140625
2022-11-29,0.9934251308441162,0.0002684238424990326,0.0063063944689929485,3957.6298828125
2022-11-30,0.0004689413763117045,0.00010922659566858783,0.9994218349456787,4080.110107421875
2022-12-01,0.9732958078384399,0.0028851237148046494,0.02381904236972332,4076.570068359375
2022-12-02,0.33242239432244486,0.3345113697481186,0.333066301420331,4071.699951171875
2022-12-05,0.33168216986814514,0.0015605585843635101,0.6667572795413435,3998.840087890625
2022-12-06,0.33283197510172613,0.33108390668955207,0.33608409071651596,3941.260009765625
2022-12-07,0.0003695159684866667,0.0001606420410098508,0.9994698166847229,3933.919921875
2022-12-08,0.0005191101226955652,0.00011819753126474097,0.9993626475334167,3963.510009765625
2022-12-12,0.7484974265098572,0.0006537752342410386,0.25084877014160156,3990.56005859375
2022-12-13,0.5600128769874573,0.4151197075843811,0.024867432191967964,4019.64990234375
2022-12-15,0.4705235294532031,0.26496520114596933,0.26451131142675877,3895.75
2022-12-16,0.24943026225810172,0.04602978119328327,0.7045399495400488,3852.360107421875
2022-12-21,0.0006870136130601168,0.0001070824364433065,0.9992058873176575,3878.43994140625
2022-12-23,0.498404667203431,0.00036836254730587825,0.5012269469443709,3844.820068359375
2022-12-27,0.99826979637146,0.0005781309446319938,0.0011520588304847479,3829.25
2022-12-29,0.9980849027633667,0.0010849513346329331,0.0008301191264763474,3849.280029296875
2022-12-30,0.015248961455654353,0.00031478529126616195,0.9844362437725067,3839.5
2023-01-03,0.0010462970240041614,6.759987445548177e-05,0.9988861680030823,3824.139892578125
2023-01-04,0.0016345088079106063,0.4984064537129598,0.49995906586991623,3852.969970703125
2023-01-05,0.5008149070199579,0.00027254758606432006,0.4989125401189085,3808.10009765625
2023-01-06,0.9985882639884949,0.0004893302102573216,0.0009223012602888048,3895.080078125
2023-01-09,0.00025180010561598465,0.00010618894763562518,0.9996420045693716,3892.090087890625
2023-01-10,0.820993185043335,0.17781469225883484,0.0011921473778784275,3919.25
2023-01-11,0.4988044313795399,0.0002731564891291782,0.5009224425302818,3969.610107421875
2023-01-12,0.4753744508489035,0.24114712234586477,0.28347842302173376,3983.169921875
2023-01-13,0.10759080806747079,0.00011876630196638871,0.8922904431819916,3999.090087890625
2023-01-17,0.00017665534687694162,0.0001143008703365922,0.9997090697288513,3990.969970703125
2023-01-18,0.9965001344680786,0.0003252754104323685,0.003174546640366316,3928.860107421875
2023-01-19,0.3233350231942798,0.33457291591669974,0.3420921004532526,3898.85009765625
2023-01-20,0.0008424443076364696,0.2644454538822174,0.7347120642662048,3972.610107421875
2023-01-24,0.49753332247928483,0.00023886490089353174,0.5022278123651631,4016.949951171875
2023-01-25,0.9985525012016296,0.00045388072612695396,0.0009935847483575344,4016.219970703125
2023-01-26,0.0012682060478255153,7.632124470546842e-05,0.9986554384231567,4060.429931640625
2023-01-27,0.04093693036944993,0.374345848193722,0.5847172238876132,4070.56005859375
2023-01-30,0.0003273918409831822,0.995172917842865,0.004499708767980337,4017.77001953125
2023-01-31,0.01405598784913309,0.24807063890875725,0.7378733563236892,4076.60009765625
2023-02-01,0.4989750091044698,0.0003382475842954591,0.5006867232150398,4119.2099609375
2023-02-02,0.000430678715929389,0.00021555836428888142,0.9993537068367004,4179.759765625
2023-02-06,0.9983505010604858,0.00082502888108138,0.0008244349155575037,4111.080078125
2023-02-08,0.00043947350059170276,0.0004302768866182305,0.9991302788257599,4117.85986328125
2023-02-09,0.0002806006814353168,0.00012597828754223883,0.9995934367179871,4081.5
2023-02-10,0.9958828687667847,0.0024776484351605177,0.001639465888729319,4090.4599609375
2023-02-13,0.6502286680818846,0.004089661262696609,0.3456816856438915,4137.2900390625
2023-02-14,0.00027190521359443665,0.9994072914123535,0.000320866412948817,4136.1298828125
2023-02-15,0.0014470114644306402,7.951390337742244e-05,0.9984734853108724,4147.60009765625
2023-02-16,0.0023231031373143196,5.369065183913335e-05,0.9976232647895813,4090.409912109375
2023-02-17,0.002212565392255783,9.332906120107509e-05,0.9976941049098969,4079.090087890625
2023-02-22,0.2092678988328771,0.250063374545789,0.5406687403446995,3991.050048828125
2023-02-23,0.0005350470455596223,0.20520225414111337,0.7942626848816872,4012.320068359375
2023-02-24,0.000549384145415388,0.0006014939717715606,0.998849093914032,3970.0400390625
2023-02-27,0.00022697655367664993,9.02235769899562e-05,0.9996827840805054,3982.239990234375
2023-02-28,0.49867824996545096,0.5000301433392451,0.001291602533456171,3970.14990234375
2023-03-01,0.9987599849700928,0.0006046377238817513,0.0006354849319905043,3951.389892578125
2023-03-02,0.00024426068557659164,9.520741878077388e-05,0.9996605515480042,3981.35009765625
2023-03-03,0.4999028517631814,0.00044437023461796343,0.49965280457399786,4045.639892578125
2023-03-06,0.000817083302536048,0.4992095928027993,0.49997335179068614,4048.419921875
2023-03-07,0.001526223379187286,9.834304364630952e-05,0.998375415802002,3986.3701171875
2023-03-08,0.0004792799009010196,8.470832835882902e-05,0.9994359612464905,3992.010009765625
2023-03-09,0.49460303217347246,0.0051149517712474335,0.5002819616929628,3918.320068359375
2023-03-10,0.4986985568248201,0.010576014959951863,0.49072540004272014,3861.590087890625
2023-03-13,0.40808234866926796,0.000771023376728408,0.5911466162651777,3855.760009765625
2023-03-14,0.09342789844959043,0.0008750521446927451,0.9056970477104187,3919.2900390625
2023-03-15,0.0003891852393280715,0.0010085399699164554,0.9986022710800171,3891.929931640625
2023-03-16,0.2524793071715976,0.0001935375385073712,0.7473271861672401,3960.280029296875
2023-03-17,0.0005388926947489381,8.733000868232921e-05,0.9993738532066345,3916.639892578125
2023-03-20,0.49936639827501494,0.0004806863835256081,0.5001529666478746,3951.570068359375
2023-03-23,0.33267192600275547,0.0003494924264183889,0.6669785571284592,3948.719970703125
2023-03-27,0.0009392748955481997,0.00012665749333488444,0.9989340504010519,3977.530029296875
2023-03-28,0.0016342619152662035,0.33341429867141414,0.6649514221110925,3971.27001953125
2023-03-29,0.0006088637746870518,5.561947909882292e-05,0.9993354678153992,4027.81005859375
2023-03-30,0.05402344118920155,0.03393812289868947,0.9120384057362875,4050.830078125
2023-03-31,0.4993686243251432,0.0003023054887307808,0.5003290275926702,4109.31005859375
2023-04-03,0.004414900817209855,0.00015830831762286834,0.9954267740249634,4124.509765625
2023-04-04,0.00018970832752529532,0.9790545701980591,0.02075575850903988,4100.60009765625
2023-04-05,0.00024603502242825925,0.0002411244495306164,0.999512791633606,4090.3798828125
2023-04-06,0.664981454242176,0.0004235817080674072,0.3345949703361839,4105.02001953125
2023-04-10,0.012454978161258623,0.0007568668188469019,0.9867881834506989,4109.10986328125
2023-04-11,0.8307654857635498,0.0007636327645741403,0.16847087442874908,4108.93994140625
2023-04-12,0.0002829805016517639,0.00011836973135359585,0.9995986819267273,4091.949951171875
2023-04-13,0.0004103211031178944,0.3331451890844619,0.6664445070006574,4146.22021484375
2023-04-14,0.3340688749837379,0.00021325647927975902,0.6657179180377474,4137.64013671875
2023-04-17,0.516050923615694,0.48253464594017714,0.001414459286024794,4151.31982421875
2023-04-18,0.2498914145908202,0.47133110051072435,0.2787774770986289,4154.8701171875
2023-04-19,0.0004069471324328333,0.00014399798237718642,0.9994490742683411,4154.52001953125
2023-04-20,0.5346117127119214,0.2143719623272773,0.2510163441475015,4129.7900390625
2023-04-21,0.6634750914139053,0.0003717840396954368,0.3361531156503285,4133.52001953125
2023-04-25,0.001161979504104238,0.39999069314217195,0.5988473134922969,4071.6298828125
2023-04-26,0.4995159228637931,0.2501826233310567,0.25030146052813507,4055.989990234375
2023-04-28,0.00041988168959505856,0.0001217540047946386,0.999458372592926,4169.47998046875
2023-05-01,0.0008288154058391228,0.00019633446572697721,0.9989748001098633,4167.8701171875
2023-05-02,0.02462957054376602,0.0002168926439480856,0.9751535058021545,4119.580078125
2023-05-03,0.9827234745025635,0.0016394973572460003,0.015636979762348346,4090.75
2023-05-04,0.6653405495550638,0.00029788590715421986,0.33436156345608953,4061.219970703125
2023-05-05,0.2499583431708743,0.000898124861123506,0.7491435322735924,4136.25
2023-05-08,0.4992359576499439,0.0003386061725905165,0.5004254276282154,4138.1201171875
2023-05-09,0.17893604403798236,0.025648133818322094,0.7954158186912537,4119.169921875
2023-05-10,0.3039853004253625,0.33368056573090144,0.3623341228958452,4137.64013671875
2023-05-12,0.5950198844075203,0.019502471666783094,0.3854776152293198,4124.080078125
2023-05-15,0.06841355985185753,0.591254694852978,0.34033175208605826,4136.27978515625
2023-05-16,0.00021283484966261312,0.00015759201778564602,0.999629557132721,4109.89990234375
2023-05-17,0.4883959866128862,0.012275057310034754,0.4993289508856833,4158.77001953125
2023-05-18,0.000320306935464032,0.4937994284846354,0.5058802235871553,4198.0498046875
2023-05-19,0.00032705842750146985,0.00012025302567053586,0.9995526671409607,4191.97998046875
2023-05-22,0.0009178625477943569,0.439933322260913,0.5591488227558633,4192.6298828125
2023-05-23,0.2517585356908967,0.2461905020973063,0.5020509796158876,4145.580078125
2023-05-24,0.3310460359013329,0.0017444878515865032,0.6672095062676817,4115.240234375
2023-05-25,0.0002816668420564383,0.0001406150113325566,0.9995777010917664,4151.27978515625
2023-05-26,0.0014061655383557081,7.077846385072917e-05,0.9985230565071106,4205.4501953125
2023-05-30,0.01997101002780255,0.00048584677642793395,0.979543149471283,4205.52001953125
2023-05-31,0.25728611574838095,0.0748089432042131,0.6679049620094398,4179.830078125
2023-06-01,0.996456116437912,0.0016595069173490629,0.0018842891440726817,4221.02001953125
2023-06-02,0.0003005688631674275,0.00010919847894304742,0.999590257803599,4282.3701171875
2023-06-05,0.5804698243737221,0.0003924006159650162,0.41913782799383625,4273.7900390625
2023-06-06,0.0005198673061386216,0.2467150065876922,0.7527651404961944,4283.85009765625
2023-06-07,0.00027842145451965433,0.6375770434654745,0.36214453193436685,4267.52001953125
2023-06-08,0.23973019229379133,0.27385928695002804,0.4864105371525511,4293.93017578125
2023-06-09,0.0002898227612604387,9.476130071561784e-05,0.9996154010295868,4298.85986328125
2023-06-12,0.570321953719637,0.09046219467563787,0.33921582143132883,4338.93017578125
2023-06-13,0.0002655612042872235,0.4999655764986528,0.49976880321446515,4369.009765625
2023-06-14,0.3317401500583704,0.3341273328042007,0.3341325133733335,4372.58984375
2023-06-15,0.0006579896338128796,0.5536670132900731,0.44567501086082,4425.83984375
2023-06-16,6.440007564378902e-05,0.9998261332511902,0.00010957392805721611,4409.58984375
2023-06-20,0.0001385150341472278,0.3333927123700657,0.6664688075325103,4388.7099609375
2023-06-21,0.18813354890007758,0.26019702905905434,0.5516694046469638,4365.68994140625
2023-06-22,0.3747406591603067,0.22271798306755955,0.4025413598952582,4381.89013671875
2023-06-23,0.06868248258979293,0.7442419181752484,0.1870756126681954,4348.330078125
2023-06-26,0.38101068607502386,0.398628251318587,0.22036106479354203,4328.81982421875
2023-06-27,0.33256295063862734,0.6665782429336105,0.0008588070680464929,4378.41015625
2023-06-28,0.00032445054724424455,0.46576527035540494,0.5339102649328803,4376.85986328125
2023-06-29,0.00025337191618746147,0.4999994564386725,0.4997471813876473,4396.43994140625
2023-06-30,0.0021383243802119978,0.2747328018740518,0.7231288446346298,4450.3798828125
2023-07-03,0.24270683351005573,0.7570465533062816,0.00024664445300004445,4455.58984375
2023-07-05,0.00042563968600006774,0.6665539947280195,0.33302042981085833,4446.81982421875
2023-07-06,0.22123688003274664,0.44402296182832085,0.33474013912604683,4411.58984375
2023-07-07,0.0008542202943187606,0.4273910307903342,0.5717547206446137,4398.9501953125
2023-07-10,0.0027575164276640862,0.49998387723826454,0.4972585517934931,4409.52978515625
2023-07-11,0.00018414657339841747,0.6589005432955067,0.3409153000078125,4439.259765625
2023-07-12,0.19783705698409904,0.4048617189619108,0.39730122211494745,4472.16015625
2023-07-13,0.0030020122194400756,0.2501922953269968,0.7468056765828806,4510.0400390625
2023-07-14,0.001134760192144313,0.49804759052312875,0.500817639664092,4505.419921875
2023-07-17,0.33183298394821276,0.16710244241403416,0.5010645482385977,4522.7900390625
2023-07-18,0.0001312383192271227,0.5000282874207187,0.4998404646421477,4554.97998046875
2023-07-19,0.016075164023883797,0.2925830870687302,0.6913417732697175,4565.72021484375
2023-07-20,0.00019885562505805865,0.500118849449791,0.49968231786988326,4534.8701171875
2023-07-21,0.055391212583344895,0.44432044231143664,0.5002883339948312,4536.33984375
2023-07-24,7.239037222461775e-05,0.9998602867126465,6.739942909916863e-05,4554.64013671875
2023-07-25,0.20023862805828685,0.4001055542794347,0.3996558164712042,4567.4599609375
2023-07-26,7.862881102482788e-05,0.9998552203178406,6.610915988858324e-05,4566.75
2023-07-27,0.41853298819623885,0.37849297025313716,0.20297403880540515,4537.41015625
2023-07-28,0.17431520434587988,0.20247646995913884,0.6232083127191194,4582.22998046875
2023-07-31,0.28502966679038116,0.14309521736556366,0.5718751317648899,4588.9599609375
2023-08-01,0.16144512011669576,0.3392023628825882,0.49935250815406107,4576.72998046875
2023-08-02,0.26740088091577896,0.50217378769998,0.23042531752839246,4513.39013671875
2023-08-03,0.4991749383880233,0.37516258660798485,0.1256624397192354,4501.89013671875
2023-08-04,0.23109341469898936,0.2688294113449956,0.500077181333836,4478.02978515625
2023-08-07,0.143146961450319,0.2756525387677747,0.5812005095587145,4518.43994140625
2023-08-08,0.5978704603607184,0.40172865057829765,0.00040089800459099936,4499.3798828125
2023-08-09,7.571710011688992e-05,0.9998672008514404,5.706695810658857e-05,4467.7099609375
2023-08-10,7.665317025384866e-05,0.9998666644096375,5.662263538397383e-05,4468.830078125
2023-08-11,0.009411579627339961,0.5001639141883061,0.4904245250818349,4464.0498046875
2023-08-14,0.15673559075973267,0.34169606560317334,0.5015683467887962,4489.72021484375
2023-08-15,0.24931352216117375,0.5005209450355323,0.2501655105033933,4437.85986328125
2023-08-16,0.12820676743740478,0.250272411687547,0.6215207938489584,4404.330078125
2023-08-17,0.24982394261860463,0.37922536229689285,0.37095067099289736,4370.35986328125
2023-08-18,0.3828009612101596,0.2155834809062071,0.40161557426908984,4369.7099609375
2023-08-21,0.00020153519108134788,0.33728707437209476,0.6625113720801892,4399.77001953125
2023-08-22,0.2852575297157663,0.3784595752461298,0.3362829151509296,4387.5498046875
2023-08-23,0.27711728423621806,0.5002346363741837,0.2226480651495097,4436.009765625
2023-08-24,0.4898893209792732,0.5064168814569712,0.003693831997225061,4376.31005859375
2023-08-25,0.3267030021791773,0.6668753523069123,0.006421643950792107,4405.7099609375
2023-08-28,0.0006800162846047897,0.2500829727086966,0.7492370070976904,4433.31005859375
2023-08-29,0.0635154980373045,0.38014490147543256,0.5563395939989277,4497.6298828125
2023-08-30,0.12467900332103454,0.2503806196782534,0.6249403911465379,4514.8701171875
2023-08-31,0.014565312022023135,0.13327939421178597,0.8521553145139478,4507.66015625
2023-09-01,0.6322401455399813,0.35458617077286664,0.013173728623466255,4515.77001953125
2023-09-05,0.000567006848411568,0.3491814110966516,0.6502516089915714,4496.830078125
2023-09-06,0.14286742762799673,0.2858504291975156,0.5712821192391857,4465.47998046875
2023-09-07,0.3618838120746659,0.4260141256859892,0.21210205521180928,4451.14013671875
2023-09-08,0.28416093661300174,0.6042315573161302,0.11160748047093096,4457.490234375
2023-09-11,0.12710687708568003,0.37336177884390054,0.4995313577583147,4487.4599609375
2023-09-12,0.0013159898095182142,0.38640355750103483,0.6122804281680146,4461.89990234375
2023-09-13,0.02588932380422193,0.7490951650688658,0.22501546568310005,4467.43994140625
2023-09-14,0.008450910854402796,0.5831839004323618,0.40836520964096834,4505.10009765625
2023-09-15,0.17315378573524262,0.2927207908323908,0.5341253920414601,4450.31982421875
2023-09-18,0.484741401132851,0.5000424802565249,0.015216092207992915,4453.52978515625
2023-09-19,0.00024227126414189115,0.7498786944488529,0.2498790316958548,4443.9501953125
2023-09-20,0.1724008834377552,0.49422555024041986,0.3333735905040764,4402.2001953125
2023-09-21,0.20163580205189646,0.42996433301232173,0.36839983895988554,4330.0
2023-09-22,0.10687987683486426,0.36165335417281314,0.5314667840044421,4320.06005859375
2023-09-25,0.28684099483725733,0.40499171819537877,0.30816728597783366,4337.43994140625
2023-09-26,0.16666228821911014,0.4743896819187891,0.3589480051438538,4273.52978515625
2023-09-27,0.33265994140917127,0.6666708213548797,0.0006692319075227715,4274.509765625
2023-09-28,0.4986910300103773,0.2502065113712888,0.2511024651594198,4299.7001953125
2023-09-29,0.00023294358349327618,0.3333928450204742,0.666374193453521,4288.0498046875
2023-10-02,0.2224098704311473,0.40035182815336157,0.3772383250616258,4288.39013671875
2023-10-03,0.2339805340902372,0.18213686542929447,0.583882612370706,4229.4501953125
2023-10-04,0.0004334699936277632,0.4284616581187168,0.5711048722930302,4263.75
2023-10-05,0.12470731429311854,0.5003825658859569,0.37491013012049734,4258.18994140625
2023-10-06,0.5595072486234131,0.24136109298560768,0.19913166548067238,4308.5
2023-10-09,0.12238952337227399,0.5558921992730271,0.32171824954922257,4335.66015625
2023-10-10,0.19847029459560872,0.599973678047536,0.2015560329913569,4358.240234375
2023-10-11,0.000323956117790658,0.8047412313520909,0.1949347881411086,4376.9501953125
2023-10-12,0.39743637724604924,0.5704552331240847,0.0321083890288719,4349.60986328125
2023-10-13,0.2001830235152738,0.4001699918502709,0.3996469537676603,4327.77978515625
2023-10-16,0.07997085271781543,0.40070484908646903,0.5193242908440879,4373.6298828125
2023-10-17,0.3691902004811709,0.16977766738515734,0.46103212810946087,4373.2001953125
2023-10-18,0.33302974962740944,0.33633788312848384,0.33063240949923056,4314.60009765625
2023-10-19,0.19941768788557965,0.22787576320697553,0.5727065547136589,4278.0
2023-10-20,0.3746666554980038,0.3704177209856425,0.2549156259378833,4224.16015625
2023-10-23,0.24889338369757752,0.5000566513917875,0.2510499330201128,4217.0400390625
2023-10-24,0.14530856704853554,0.33064788074504275,0.5240435486120987,4247.68017578125
2023-10-25,0.1426520202125435,0.5571412145867985,0.30020676390943535,4186.77001953125
2023-10-26,0.4577754168798988,0.1921154520168784,0.3501091456366174,4137.22998046875
2023-10-27,0.4272721756341135,0.288468048122013,0.284259759377684,4117.3701171875
2023-10-30,0.20079249045278022,0.13308027387732485,0.6661272233672207,4166.81982421875
2023-10-31,0.04539935700397889,0.2863211711093235,0.6682794790748241,4193.7998046875
2023-11-01,0.24978667753521222,0.4069645024246711,0.3432488205971822,4237.85986328125
2023-11-02,0.11768705658323597,0.17255362004053656,0.7097593342229683,4317.77978515625
2023-11-03,0.2796947136824504,0.11141441471894116,0.6088908493628777,4358.33984375
2023-11-06,0.20437189962758567,0.3439870530135522,0.45164103930219424,4365.97998046875
2023-11-07,0.23871619105011632,0.6439560543440166,0.1173277566449542,4378.3798828125
2023-11-08,0.33259336343083606,0.3337959769414738,0.33361064885502856,4382.77978515625
2023-11-09,0.0011986029655547878,0.34500973166047644,0.6537916631410293,4347.35009765625
2023-11-10,0.1317104642172732,0.3678259245528655,0.5004635981931642,4415.240234375
2023-11-13,0.1296401350105043,0.5007954320349199,0.36956442862810945,4411.5498046875
2023-11-14,0.19234661116934149,0.36366877795565716,0.44398460752240176,4495.7001953125
2023-11-15,0.17180226739947102,0.322037035645432,0.506160671654167,4502.8798828125
2023-11-16,0.4041231288269046,0.2197894861928944,0.3760873915060074,4508.240234375
2023-11-17,0.18164901352865853,0.22167353072727564,0.596677469995484,4514.02001953125
2023-11-20,0.04424806620469705,0.37395296667091316,0.5817989575601435,4547.3798828125
2023-11-21,0.4695537995430641,0.20425444802676793,0.32619176311563935,4538.18994140625
2023-11-22,0.1056541831640061,0.4603648754346068,0.4339809640400095,4556.6201171875
2023-11-24,0.2499798890985403,0.49887805960315745,0.25114204238525417,4559.33984375
2023-11-27,0.00013850565422520353,0.8010027847776655,0.1988586833710239,4550.43017578125
2023-11-28,9.180655797536019e-05,0.7499461717561644,0.2499620115986545,4554.89013671875
2023-11-29,0.09965152545838565,0.22232905689613996,0.6780193883585324,4550.580078125
2023-11-30,0.0009704053802124691,0.30416560324520103,0.6948640082850034,4567.7998046875
2023-12-01,0.16584114627201213,0.22718884543347587,0.6069700107068962,4594.6298828125
2023-12-04,0.13670480800812418,0.3217420539162545,0.5415531551053309,4569.77978515625
2023-12-05,0.0003503531083374077,0.3336617196433104,0.665987929535024,4567.18017578125
2023-12-06,0.0005971447765962997,0.5000285954083665,0.4993742832157295,4549.33984375
2023-12-07,0.28359419950928505,0.4276298034320852,0.2887760015333437,4585.58984375
2023-12-08,0.0001655599699006416,0.4000152606939082,0.5998191805003443,4604.3701171875
2023-12-11,0.0002707806474063545,0.10287967051772284,0.8968495742417872,4622.43994140625
2023-12-12,0.1007432057402184,0.2001838243137172,0.6990729507000651,4643.7001953125
2023-12-13,0.0004440977739120301,0.28577763210445745,0.7137782588511722,4707.08984375
2023-12-14,0.3373576672767575,0.22388218876254873,0.43876013550007803,4719.5498046875
2023-12-15,0.2829832015231659,0.2621188099702439,0.4548979817756679,4719.18994140625
2023-12-18,0.13318827984559384,0.41602004164347556,0.45079165888455464,4740.56005859375
2023-12-19,0.09845140660238233,0.23489129864255018,0.6666572956099925,4768.3701171875
2023-12-20,0.000260601057865036,0.47759141022591695,0.5221479800554031,4698.35009765625
2023-12-21,0.24662108230404556,0.25116803261880705,0.5022108573875812,4746.75
2023-12-22,0.3627770247181946,0.2244503190992294,0.41277265035023447,4754.6298828125
2023-12-26,0.17639399816725926,0.20123671136825577,0.6223693056283082,4774.75
2023-12-27,0.09233326847970602,0.4532894898028727,0.4543772338008487,4781.580078125
2023-12-28,0.06281547363141726,0.4850264029810205,0.45215812896094576,4783.35009765625
2023-12-29,0.001197604038073526,0.11118366402903727,0.8876187279133269,4769.830078125
2024-01-02,0.1115497779012205,0.3345719922920883,0.5538782410747243,4742.830078125
2024-01-03,0.022476302716919843,0.13123691878798935,0.8462867896074991,4704.81005859375
2024-01-04,0.5243671139776578,0.33984195337203954,0.13579093663025155,4688.68017578125
2024-01-05,0.10120062265328174,0.18624215362334243,0.7125572232623447,4697.240234375
2024-01-08,0.22332450914068935,0.5294656317031089,0.24720986030378198,4763.5400390625
2024-01-09,0.3334215507772266,0.1677638349137851,0.49881464537611464,4756.5
2024-01-10,0.14282835124426388,0.57116993312541,0.2860017186831101,4783.4501953125
2024-01-11,0.07906562198471735,0.19278651188953796,0.7281478502098673,4780.240234375
2024-01-12,0.5705415174909702,0.28588576461853726,0.14357269049755164,4783.830078125
2024-01-16,0.0006700264648316079,0.2501505361542513,0.7491794287680023,4765.97998046875
2024-01-17,0.20490051163921766,0.4165948375406775,0.3785046735787806,4739.2099609375
2024-01-18,0.13756339569954434,0.37655556680874724,0.48588106324359615,4780.93994140625
2024-01-19,0.058103024744230514,0.15852782664227388,0.7833691490297843,4839.81005859375
2024-01-22,0.2298979140246047,0.2903229853632183,0.47977908021198346,4850.43017578125
2024-01-23,0.3086433776398836,0.22310674113759887,0.46824989180580207,4864.60009765625
2024-01-24,0.12588804127926778,0.5000778797384555,0.3740340755593934,4868.5498046875
2024-01-25,0.13742254975610801,0.16472113305499078,0.6978563179155268,4894.16015625
2024-01-26,0.1668250674471589,0.3334132397758367,0.4997616797372757,4890.97021484375
2024-01-29,0.03558116670592426,0.4618762063473696,0.5025426137735849,4927.93017578125
2024-01-30,0.20680540890356902,0.4099360648756879,0.38325850989511107,4924.97021484375
2024-01-31,0.1997433201104286,0.59993941954599,0.2003172116164933,4845.64990234375
2024-02-01,0.15658371412700944,0.3416491517727991,0.5017671428004178,4906.18994140625
2024-02-02,0.13329433755692055,0.20014064970770656,0.6665650207772463,4958.60986328125
2024-02-05,0.1807702779462323,0.3643024232376113,0.45492728945960564,4942.81005859375
2024-02-06,0.4134768349200992,0.41831222332317947,0.16821095049029586,4954.22998046875
2024-02-07,0.37751306291350994,0.4620813469335094,0.16040558519384113,4995.06005859375
2024-02-08,0.002163994714991484,0.31328227504127426,0.684553715315384,4997.91015625
2024-02-09,0.07357269976264866,0.26082131591725294,0.6656059828720096,5026.60986328125
2024-02-12,0.09591512822571531,0.3943799573531578,0.5097048985939182,5021.83984375
2024-02-13,0.3905173359900586,0.41542366745681436,0.19405898578599376,4953.169921875
2024-02-14,0.24068193811744046,0.33817508857617595,0.42114297165512415,5000.6201171875
2024-02-15,0.18375015220722576,0.2696603692324557,0.5465894893651156,5029.72998046875
2024-02-16,0.17454490541349515,0.22541035466662532,0.6000447343489214,5005.56982421875
2024-02-20,0.4193988572260423,0.2798753429207344,0.30072578518905047,4975.509765625
2024-02-21,0.09981146125137456,0.3932391640504648,0.5069493719762249,4981.7998046875
2024-02-22,0.17167341612600598,0.2867763640206249,0.541550216493176,5087.02978515625
2024-02-23,0.08881190462800857,0.45228268174728975,0.45890542366656256,5088.7998046875
2024-02-26,0.09091187382463514,0.24663087683769513,0.6624572491114535,5069.52978515625
2024-02-27,0.1499543034702723,0.4598130651194459,0.3902326232080388,5078.18017578125
2024-02-28,0.11754823910612483,0.357239855661141,0.5252119023765166,5069.759765625
2024-02-29,0.3308019487133909,0.44137773807031205,0.22782029155092054,5096.27001953125
2024-03-01,0.11828808548411221,0.3553421675075827,0.526369741648263,5137.080078125
2024-03-04,0.13887587850649652,0.3623092418397391,0.4988148771744818,5130.9501953125
2024-03-05,0.25571417161245336,0.44668851727874426,0.29759733039099956,5078.64990234375
2024-03-06,0.0926032143244428,0.3814819131740047,0.5259148729474921,5104.759765625
2024-03-07,0.2588483605210389,0.20952882500172232,0.531622820718026,5157.35986328125
2024-03-08,0.2408116692722615,0.3111982285230018,0.4479900828237078,5123.68994140625
2024-03-11,0.07164079443983999,0.1632578243417291,0.7651013733354505,5117.93994140625
2024-03-12,0.0689034104931731,0.3218981726256768,0.6091984271155929,5175.27001953125
2024-03-13,0.26830894284012174,0.24598376763424312,0.485707286883553,5165.31005859375
2024-03-14,0.33199481734873887,0.259206483386851,0.40879870758390796,5150.47998046875
2024-03-15,0.3344466118226895,0.35383574340933893,0.31171764630683657,5117.08984375
2024-03-18,0.23121286403553454,0.18218751256958618,0.5865996385042448,5149.419921875
2024-03-19,0.0002762233925750479,0.20035639958077808,0.7993673592340201,5178.509765625
2024-03-20,0.18118393936873128,0.36550953928367974,0.45330651350013795,5224.6201171875
2024-03-21,0.15615858251560263,0.43999424487321026,0.4038471625877159,5241.52978515625
2024-03-22,0.19993950047937686,0.3002660215373908,0.49979446749421186,5234.18017578125
2024-03-25,0.18355972726699707,0.2710577550076943,0.5453825196567447,5218.18994140625
2024-03-26,0.23389734022202902,0.4492642998072999,0.3168383566410809,5203.580078125
2024-03-27,0.09973326423933031,0.22552887860365445,0.6747378409170779,5248.490234375
2024-03-28,0.09829241440311307,0.16175522226694738,0.7399523570358724,5254.35009765625
2024-04-01,0.11764094586097225,0.28718354223468956,0.5951755218475763,5243.77001953125
2024-04-02,0.22971012148851655,0.23098222563371215,0.5393076571006252,5205.81005859375
2024-04-03,0.0910653126408182,0.3343988884212608,0.5745357841022435,5211.490234375
2024-04-04,0.2287398842303706,0.27481141099269735,0.496448705941605,5147.2099609375
2024-04-05,0.3929799992196529,0.20833421700166688,0.3986857939543209,5204.33984375
2024-04-08,0.011122659830652993,0.2785528391614207,0.7103245259058895,5202.39013671875
2024-04-09,0.2248052548754155,0.27805371641261445,0.4971410175379181,5209.91015625
2024-04-10,0.15388914049365737,0.4572109037869198,0.38889994726476007,5160.64013671875
2024-04-11,0.35431217337671633,0.1793313023351532,0.4663565318925456,5199.06005859375
2024-04-12,0.1930852225870529,0.44759375516481337,0.35932104578751023,5123.41015625
2024-04-15,0.3767176858519734,0.4000436690291988,0.22323864409352406,5061.81982421875
2024-04-16,0.11026518453997726,0.6510505359921288,0.2386842981621677,5051.41015625
2024-04-17,0.19244737014326216,0.3989998882742449,0.40855274462722135,5022.2099609375
2024-04-18,0.35701852084656077,0.27513460559930536,0.36784685478828166,5011.1201171875
2024-04-19,0.32965061373232113,0.3932768565186548,0.27707251028054586,4967.22998046875
2024-04-22,0.3342643392024911,0.33360784693892737,0.332127819439241,5010.60009765625
2024-04-23,0.00014771108544664457,0.6666457016884427,0.33320661994851736,5070.5498046875
2024-04-24,0.4983695904174965,0.50026783591602,0.00136246224064962,5071.6298828125
2024-04-25,0.0001840891327447025,0.5002931487106252,0.4995228233783564,5048.419921875
2024-04-26,0.22971648691145674,0.5199689433029562,0.25031457339264307,5099.9599609375
2024-04-29,0.0004696995601989329,0.4169197025257745,0.5826106071472168,5116.169921875
2024-04-30,0.6597406437437409,0.1912376472610049,0.14902169758230835,5035.68994140625
2024-05-01,0.24979671589699137,0.25044898013857164,0.4997542725573112,5018.39013671875
2024-05-02,0.00022105210518930107,0.7725830148871561,0.22719592788841206,5064.2001953125
2024-05-03,0.00012404166045598686,0.749869685532758,0.2500062608414737,5127.7900390625
2024-05-06,0.00021045203720859718,0.5205780700634932,0.47921145958753186,5180.740234375
2024-05-07,0.14280099488002765,0.3166858295777014,0.5405131724401144,5187.7001953125
2024-05-08,0.00017181223665829748,0.972561240196228,0.027266984505937824,5187.669921875
2024-05-09,0.000913537051625705,0.3340341221773997,0.6650523159332806,5214.080078125
2024-05-10,0.004284525890398072,0.7515304198022932,0.244185082245167,5222.68017578125
2024-05-13,0.19543718949280448,0.4569235915259924,0.3476391930234968,5221.419921875
2024-05-14,0.0001948181616171496,0.5127570218889256,0.48704812658434093,5246.68017578125
2024-05-15,0.06807774957026898,0.1971267470008267,0.734795506161754,5308.14990234375
2024-05-16,0.0005599285987045732,0.2507231031604533,0.7487169460109726,5297.10009765625
2024-05-17,0.10555605854460737,0.6266764504216553,0.26776752484784083,5303.27001953125
2024-05-20,0.19990425349533325,0.20021281332010404,0.599882912398607,5308.1298828125
2024-05-21,0.000144658658427943,0.7458220776934468,0.25403326202467724,5321.41015625
2024-05-22,0.27014172186864016,0.4394584594800108,0.29039982072717974,5307.009765625
2024-05-23,0.1642140878502687,0.41767411411274225,0.4181117731662501,5267.83984375
2024-05-24,0.0002644293155753985,0.5008948812792369,0.49884065973565156,5304.72021484375
2024-05-28,0.0022038675073417836,0.4483941351536487,0.5494019765214034,5306.0400390625
2024-05-29,0.12273919215431306,0.5021220297439868,0.3751387837623952,5266.9501953125
2024-05-30,0.16089414099466617,0.505596283612249,0.3335095752681809,5235.47998046875
2024-05-31,0.00012930894566428228,0.6662742893131508,0.33359636947170657,5277.509765625
2024-06-03,0.2425714066685032,0.25732906287521473,0.5000995196205622,5283.39990234375
2024-06-04,0.00023175390151664033,0.32220728941683774,0.6775609598612391,5291.33984375
2024-06-05,0.00021151658008668826,0.2736028214210158,0.7261856514457825,5354.02978515625
2024-06-06,0.24742884544275512,0.2533717031328706,0.49919945341116545,5352.9599609375
2024-06-07,0.09996544276145869,0.7999446929141414,0.10008980900238384,5346.990234375
2024-06-10,0.00019393021502764896,0.7014300337425083,0.29837601935978453,5360.7900390625
2024-06-11,0.06280318972737102,0.24768608747480256,0.6895107048254027,5375.31982421875
2024-06-12,0.14142137971170346,0.4299896548275553,0.42858895883806064,5421.02978515625
2024-06-13,0.09118623370192257,0.5453871438797002,0.3634266236992765,5433.740234375
2024-06-14,0.0010922501589650186,0.7211809460342111,0.27772680010174455,5431.60009765625
2024-06-17,0.3321766375395075,0.33429904110057074,0.3335243403251095,5473.22998046875
2024-06-18,0.00019234033243265003,0.3008998776167573,0.6989077754540631,5487.02978515625
2024-06-20,0.44283431747640456,0.3305194318980082,0.22664623165878262,5473.169921875
2024-06-21,0.2496694035926339,0.5002365234668105,0.2500940939044085,5464.6201171875
2024-06-24,0.24946141589771287,0.6251718959538266,0.12536670026202046,5447.8701171875
2024-06-25,0.0014206408195605036,0.748857101862086,0.24972225448345853,5469.2998046875
2024-06-26,0.22184731812659367,0.3336864936686147,0.44446617135205696,5477.89990234375
2024-06-27,0.39818144072305584,0.3014745226508239,0.3003440306067205,5482.8701171875
2024-06-28,0.00016592123366925598,0.714205312989569,0.2856287783963905,5460.47998046875
2024-07-01,0.2671455410912001,0.5890100339934828,0.14384442175651202,5475.08984375
2024-07-02,0.0003304512198762192,0.5040094070949029,0.49566013063304126,5509.009765625
2024-07-03,0.2990605701685126,0.2039035713489284,0.49703586804535005,5537.02001953125
2024-07-05,0.07144667125612614,0.15072481798207654,0.7778285166537638,5567.18994140625
2024-07-08,0.3625681918413399,0.45551922657548194,0.1819125867477851,5572.85009765625
2024-07-09,0.14218873810646723,0.28685221326720367,0.5709590371978785,5576.97998046875
2024-07-10,0.0005674515205707091,0.2710439520315655,0.7283886023886832,5633.91015625
2024-07-11,0.16664340471652395,0.14608365206186136,0.6872729623755731,5584.5400390625
2024-07-12,0.3110724772050162,0.46741467651736457,0.22151285569634638,5615.35009765625
2024-07-15,0.0001135423153755255,0.4999981714208843,0.49988830066649825,5631.22021484375
2024-07-16,0.0001233556025302581,0.666736916541898,0.33313972218699445,5667.2001953125
2024-07-17,0.5701500380322874,0.3578408314289326,0.07200912896145642,5588.27001953125
2024-07-18,0.504023384672889,0.4740754199280803,0.021901209492560674,5544.58984375
2024-07-19,0.36319355241787643,0.4542564545990899,0.18254998620316407,5505.0
2024-07-22,0.0001617481999952967,0.5002594582135013,0.4995787777273411,5564.41015625
2024-07-23,0.16629197861645176,0.3337368730523546,0.4999711745804234,5555.740234375
2024-07-24,0.737610429853703,0.13695742868367233,0.12543215155528742,5427.1298828125
2024-07-25,0.28507052263012156,0.5246697657816445,0.19025967940303548,5399.22021484375
2024-07-26,0.00011536511738086119,0.8336681074773272,0.16621654293461083,5459.10009765625
2024-07-29,0.16970002608225818,0.8246781502578718,0.0056217921416343115,5463.5400390625
2024-07-30,0.20193419329079915,0.2035131516648107,0.5945526462979615,5436.43994140625
2024-07-31,0.00020334038085171154,0.5671832318164108,0.43261344184741446,5522.2998046875
2024-08-01,0.11119122542004334,0.11279594140715846,0.776012839358979,5446.68017578125
2024-08-02,0.4993161872475217,0.428991722423234,0.07169211485727699,5346.56005859375
2024-08-05,0.5986527746411772,0.3064933687680234,0.09485384407436766,5186.330078125
2024-08-06,0.041912275568089775,0.24327958254950013,0.7148081418858965,5240.02978515625
2024-08-07,0.22155287033981746,0.576044071394588,0.20240304828217226,5199.5
2024-08-08,0.017835825920580344,0.347240311734519,0.6349238535885888,5319.31005859375
2024-08-09,0.41411179914056057,0.514106061732621,0.07178210134952678,5344.16015625
2024-08-12,0.24732551580665232,0.5302187846359124,0.2224557163430695,5344.39013671875
2024-08-13,0.0012158173190073285,0.37491314010458154,0.6238710196425927,5434.43017578125
2024-08-14,0.258760739983369,0.46805336099879985,0.2731859036741133,5455.2099609375
2024-08-15,0.12053451701550247,0.09154889914299763,0.7879165571370819,5543.22021484375
2024-08-16,0.002022541112091858,0.30013956459151814,0.6978378936517402,5554.25
2024-08-19,0.18490985492098844,0.2875689613616227,0.5275211876640762,5608.25
2024-08-20,0.1526277807158924,0.5564577520596615,0.2909144625683929,5597.1201171875
2024-08-21,0.16657926929716874,0.16721184758595578,0.6662088472718702,5620.85009765625
2024-08-22,0.22380057876337864,0.3318180462051209,0.44438137897749486,5570.64013671875
2024-08-23,0.00011734464787878096,0.6001235030766111,0.3997591397186625,5634.60986328125
2024-08-26,0.32578458126658916,0.30132784196030116,0.3728875892547876,5616.83984375
2024-08-27,0.08298373911929957,0.500323573814967,0.4166926824376181,5625.7998046875
2024-08-28,0.4152500204624327,0.4039913640566131,0.18075857656670755,5592.18017578125
2024-08-29,0.20106809026199496,0.35215112998331377,0.44678076567975544,5591.9599609375
2024-08-30,0.0674125767693719,0.49252996941989596,0.44005743933691216,5648.39990234375
2024-09-03,0.46933418405855526,0.32398133482326685,0.20668450834238597,5528.93017578125
2024-09-04,0.42800362849967705,0.48874254401848055,0.0832538207570386,5520.06982421875
2024-09-05,0.5903643392981287,0.2065673980730079,0.20306824996677117,5503.41015625
2024-09-06,0.2692391745721548,0.5195822164191511,0.2111785931836117,5408.419921875
2024-09-09,0.0014915328538336325,0.28590459361501935,0.7126038671766375,5471.0498046875
2024-09-10,0.10017467689249315,0.3907875956305361,0.5090377045009518,5495.52001953125
2024-09-11,0.45201773533203365,0.28629981354937295,0.2616824335101145,5554.1298828125
2024-09-12,0.21598230193480308,0.28364381704730995,0.5003738672117574,5595.759765625
2024-09-13,0.058712795398177524,0.30061831538563744,0.6406688805109297,5626.02001953125
2024-09-16,0.08264229259899973,0.003734550298152802,0.9136231872770522,5633.08984375
2024-09-17,0.1431409123225811,0.49914584160537095,0.3577132437185355,5634.580078125
2024-09-18,0.2558581330281413,0.4725925635830208,0.27154928791878774,5618.259765625
2024-09-19,0.11494217640251413,0.19660197379542094,0.6884558408813367,5713.64013671875
2024-09-20,0.2777443517948591,0.389212837220839,0.3330428202934854,5702.5498046875
